point,area,difficulty,style,answer,question,description,option1,option2,option3,option4,option5,option6
10,コンピュータ（ハードウェア）,C,radio,1,コンピュータの五大装置のうち、プログラムの命令を解読して他の装置に指示を出す装置はどれか。,制御装置は命令を解読し、各装置に指示を出す「指揮者」です。演算装置は計算・比較を行います。この2つを合わせて CPU とよびます。,制御装置,演算装置,記憶装置,入力装置,,
10,コンピュータ（ハードウェア）,C,radio,2,主記憶装置（メインメモリ）について正しい記述はどれか。,主記憶には DRAM が使われ、揮発性です。だからファイルは補助記憶（SSD・HDD）に保存しなければなりません。CPU の中にあるのはレジスタとキャッシュです。,電源を切っても内容が残る（不揮発性）,電源を切ると内容が消える（揮発性）,CPU の中に内蔵されているレジスタのことである,HDD や SSD のことである,,
10,コンピュータ（ハードウェア）,C,radio,3,CPU のクロック周波数が 3 GHz であるとき、クロック信号は 1 秒間に何回打たれるか。,G（ギガ）は 10の9乗＝10億。3 GHz は 3×10億＝30億回／秒です。,300万回,3億回,30億回,3万回,,
10,コンピュータ（ハードウェア）,C,radio,4,記憶装置を「CPU から見て速い順」に並べたものはどれか。,CPU に近いほど速く、小さく、高価です。レジスタ（CPU 内）＞キャッシュ（SRAM）＞主記憶（DRAM）＞補助記憶（SSD・HDD）の順に遅くなります。,主記憶 → キャッシュメモリ → レジスタ → SSD,SSD → 主記憶 → キャッシュメモリ → レジスタ,キャッシュメモリ → レジスタ → SSD → 主記憶,レジスタ → キャッシュメモリ → 主記憶 → SSD,,
10,コンピュータ（ハードウェア）,C,radio,1,SSD が HDD より高速である主な理由として適切なものはどれか。,HDD はヘッドの移動とディスクの回転待ちに数ミリ秒かかります。SSD はフラッシュメモリに電気的にアクセスするので、その待ち時間がありません。SSD も不揮発性なので、電源を切っても内容は残ります。,機械的に動く部品がなく、電気的にデータの場所へアクセスできるから,磁気ディスクの回転が速いから,容量が HDD より大きいから,電源を切ると内容が消えるから,,
10,コンピュータ（ハードウェア）,C,radio,2,ディスプレイやテレビとの接続に使われ、映像と音声をデジタルのまま1本のケーブルで送るインタフェースはどれか。,HDMI はディスプレイやプロジェクタとの接続に使う、映像＋音声のデジタルインタフェースです。USB は汎用の接続、Bluetooth と Wi-Fi は無線です。,USB,HDMI,Bluetooth,Wi-Fi,,
10,デジタルデータの表し方,C,radio,3,1 バイトで表せる値は何通りか。,1 バイト＝8 ビット。1 ビットにつき 0 か 1 の 2 通りなので、2の8乗＝256 通り（0〜255）です。,8 通り,128 通り,256 通り,1024 通り,,
10,デジタルデータの表し方,C,radio,4,2進数 1101 を 10進数にするといくつか。,"右から 1, 2, 4, 8 の重みを掛けて足します。8＋4＋0＋1＝13。",11,12,14,13,,
10,デジタルデータの表し方,C,radio,1,10進数 45 を 2進数で表すとどれか。,"45 を 2 で割っていくと余りは順に 1,0,1,1,0,1。これを下（最後）から上へ読むと 101101。検算：32＋8＋4＋1＝45。",101101,101011,110101,100111,,
10,デジタルデータの表し方,C,radio,2,16進数 2F を 10進数にするといくつか。,16進数の 2F は 2×16＋F(15)＝32＋15＝47。16進数は 1 けたで 0〜15 を表します。,32,47,215,41,,
10,デジタルデータの表し方,C,radio,3,ASCII コードの説明として適切なものはどれか。,ASCII は 7 ビット＝128 文字で、英数字と記号だけを扱います。日本語を扱うのは Shift_JIS などで、世界中の文字を集めたのが Unicode です。,日本語の漢字を 2 バイトで表す文字コード,世界中の文字を 1 つの表に集めた文字コード,7ビットで英数字と記号 128 文字を表す文字コード,画像の色を表すコード,,
10,デジタルデータの表し方,C,radio,4,1 画素を 24 ビットで表すと、何色を表現できるか。,"2の24乗＝16,777,216 色。R・G・B を 8 ビットずつ（256 段階ずつ）組み合わせた「フルカラー」です。",256 色,約 6 万 5 千色,24 色,約 1677 万色,,
10,デジタルデータの表し方,C,radio,1,アナログの音をデジタルにするとき、一定時間ごとに波の高さを測る操作を何というか。,標本化 → 量子化 → 符号化の順です。標本化は時間方向に区切って測ること、量子化は測った値を決まった段階に丸めること、符号化は 2 進数にすることです。,標本化（サンプリング）,量子化,符号化,圧縮,,
10,デジタルデータの表し方,C,radio,2,1 kB（キロバイト）＝ 1000 バイトとするとき、2 GB は何 MB か。,k→M→G はそれぞれ 1000 倍。1 GB＝1000 MB なので 2 GB＝2000 MB です。,200 MB,2000 MB,20000 MB,2 MB,,
10,ファイルとディレクトリ,C,radio,3,階層構造の最上位にあるディレクトリを何というか。,ルート（root）は「根」。木構造の根にあたる最上位のディレクトリで、「/」で表します。カレントは「今いる」ディレクトリです。,カレントディレクトリ,サブディレクトリ,ルートディレクトリ,ホームディレクトリ,,
10,ファイルとディレクトリ,C,radio,4,カレントディレクトリが /home/taro のとき、/home/hanako/memo.txt を相対パスで表したものはどれか。,「..」で 1 つ上（/home）に上がり、そこから hanako/memo.txt。「./hanako」はカレント（taro）の中の hanako を指すので誤りです。,./hanako/memo.txt,/hanako/memo.txt,hanako/memo.txt,../hanako/memo.txt,,
10,ファイルとディレクトリ,C,radio,1,絶対パスの説明として正しいものはどれか。,絶対パスはルートから、相対パスはカレントから書きます。絶対パスは先頭が「/」で始まります。,ルートディレクトリを起点にして書いたパス,カレントディレクトリを起点にして書いたパス,ファイル名だけを書いたパス,「..」から始まるパス,,
10,ファイルとディレクトリ,C,radio,2,「..」（ドット 2 つ）が表すものはどれか。,「.」はカレントディレクトリ自身、「..」は親ディレクトリです。,カレントディレクトリ自身,1 つ上（親）のディレクトリ,ルートディレクトリ,隠しファイル,,
10,ファイルとディレクトリ,C,radio,3,可逆圧縮の説明として正しいものはどれか。,可逆圧縮（ZIP、PNG）は完全に元に戻せます。JPEG や MP3 は非可逆圧縮で、元には戻りません。,人が気づきにくい情報を捨てて大きく圧縮する,JPEG や MP3 で使われている,圧縮したデータを完全に元に戻せる,圧縮後のデータは元に戻せない,,
10,ファイルとディレクトリ,C,radio,4,ファイル名 report.xlsx の拡張子から分かるファイルの種類はどれか。,.xlsx は Excel、.docx は Word、.pptx は PowerPoint のファイルです。,文書（Word）のファイル,画像ファイル,圧縮ファイル,表計算（Excel）のファイル,,
10,OSとアプリケーション,C,radio,1,ソフトウェアのうち、ハードウェアを直接管理し、アプリケーションに共通の機能を提供するものはどれか。,OS（オペレーティングシステム）は基本ソフトウェアです。アプリ（応用ソフト）は OS の機能を API を通して利用します。ミドルウェアは OS とアプリの中間層、ファームウェアは機器に組み込まれたソフトです。,基本ソフトウェア（OS）,応用ソフトウェア（アプリケーション）,ミドルウェア,ファームウェア,,
10,OSとアプリケーション,C,radio,2,DBMS や Web サーバのように、OS とアプリケーションの中間で共通機能を提供するソフトウェアを何というか。,ミドルウェア（middle＝中間）は OS とアプリの間の層です。デバイスドライバは周辺機器を制御するプログラム、ファームウェアは機器に組み込まれたソフトです。,ファームウェア,ミドルウェア,デバイスドライバ,シェアウェア,,
10,OSとアプリケーション,C,radio,3,複数のプログラムを、CPU の時間を細かく区切って順番に割り当てることで同時に動いているように見せる OS の機能を何というか。,マルチタスク（タスク管理）です。仮想記憶は補助記憶をメモリの一部のように使う機能、GUI は画面操作のしくみです。,仮想記憶,デバイスドライバ,マルチタスク,GUI,,
10,OSとアプリケーション,C,radio,4,周辺機器を OS から制御するための、機器ごとのソフトウェアを何というか。,プリンタやマウスなど機器ごとに用意される制御プログラムがデバイスドライバです。,ミドルウェア,アプリケーション,BIOS,デバイスドライバ,,
10,OSとアプリケーション,C,radio,1,文字でコマンドを入力して操作するユーザインタフェースはどれか。,CUI（Character User Interface）はキーボードから文字で操作。GUI はアイコンやウィンドウで操作。API はアプリが OS の機能を呼ぶ窓口、OSS はオープンソースソフトウェアです。,CUI,GUI,API,OSS,,
10,OSとアプリケーション,C,radio,2,オープンソースソフトウェア（OSS）の説明として適切なものはどれか。,OSS はソースコードの公開が特徴で、Linux が代表例です。無料でも GPL や MIT などのライセンス条件があります。試用無料・継続有料はシェアウェアです。,無料であれば何をしてもよいソフトウェア,ソースコードが公開され、ライセンスの条件のもとで利用・改変・再配布できる,試用は無料で、継続利用には料金が必要なソフトウェア,ソースコードが非公開の無料ソフトウェア,,
10,表計算ソフト,C,radio,3,表計算ソフトで、セル B2 から B6 の合計を求める数式はどれか。,"範囲は「:」でつなぎます。SUM(B2,B6) は B2 と B6 の 2 つだけの合計になります。AVERAGE は平均、COUNT は数値の個数です。","=SUM(B2,B6)",=AVERAGE(B2:B6),=SUM(B2:B6),=COUNT(B2:B6),,
10,表計算ソフト,C,radio,4,セル D2 に =B2*C2 と入力し、D3 にコピーした。D3 の数式はどれになるか。,相対参照は、コピー先との位置関係を保ってずれます。1 行下にコピーしたので、行番号が 1 つ増えて =B3*C3 になります。,=B2*C2,=B3*C2,=C2*D2,=B3*C3,,
10,表計算ソフト,C,radio,1,セル B1 に消費税率が入っている。E2 に =D2*B1 と入力して E3 以降にコピーしても税率の参照がずれないようにするには、B1 をどう書けばよいか。,列と行の両方に $ をつけた絶対参照 $B$1 なら、どこにコピーしても B1 を指し続けます。行だけ固定なら B$1 でも可ですが、選択肢では $B$1 が正解です。,$B$1,B1,B$$1,#B1,,
10,表計算ソフト,C,radio,2,セル C2 に =A$1 と入力し、D3 にコピーした。D3 の数式はどれになるか。,A$1 は行だけ固定（1 行目にくぎ）。右へ 1 列ずれるので列は A→B、行は固定のまま 1。よって =B$1 です。,=A$1,=B$1,=B$2,=A$2,,
10,表計算ソフト,C,radio,3,"=IF(B2>=60,""合格"",""不合格"") で、B2 が 55 のときの結果はどれか。","IF(条件, 真のときの値, 偽のときの値)。55>=60 は偽なので、3 番目の引数「不合格」が表示されます。",合格,60,不合格,エラー,,
10,表計算ソフト,C,radio,4,月ごとの平均気温の変化を表すのに最も適したグラフはどれか。,時間による推移は折れ線グラフ。割合は円グラフ、2 つの量の関係は散布図、バランスはレーダーチャートです。,円グラフ,散布図,レーダーチャート,折れ線グラフ,,
10,データベース,C,radio,1,関係データベースで、1 行を一意に特定するための列を何というか。,主キーは重複がなく NULL でもない列で、行を 1 つに特定します。外部キーは他の表の主キーを参照する列です。,主キー,外部キー,インデックス,フィールド,,
10,データベース,C,radio,2,主キーとして適切な列の条件はどれか。,主キーの条件は一意性（重複なし）と NULL でないこと。氏名は同姓同名がありうるので不適切で、学生番号のような列を使います。,値が数値である,値が重複せず、空（NULL）でもない,値が短い文字列である,値が並べ替えられている,,
10,データベース,C,radio,3,表から条件に合う行だけを取り出す関係演算はどれか。,行を取り出すのが選択（WHERE）、列を取り出すのが射影（SELECT の列指定）、表と表をつなぐのが結合です。正規化は表の設計手順です。,射影,結合,選択,正規化,,
10,データベース,C,radio,4,SQL 文 SELECT 氏名 FROM 学生 WHERE 学年 = 2 が行っている操作はどれか。,WHERE 学年 = 2 が選択（行の絞り込み）、SELECT 氏名 が射影（列の絞り込み）です。,すべての行から氏名と学年を取り出している,学生表と学年表を結合している,学年が 2 の行を削除している,学年が 2 の行を選択し、氏名の列だけを射影している,,
10,データベース,C,radio,1,データの重複をなくすように表を分割し、更新時の矛盾を防ぐ設計の手順を何というか。,正規化により、同じ情報が複数の場所に重複して保存されなくなり、更新もれによる食いちがい（更新異常）を防げます。,正規化,結合,排他制御,ロールバック,,
10,データベース,C,radio,2,あるデータを誰かが更新している間、他の人が同時に更新できないようにする DBMS の機能を何というか。,排他制御（ロック）です。ロックがないと、最後の 1 席を 2 人が同時に予約するようなダブルブッキングが起こります。,正規化,排他制御（ロック）,射影,バックアップ,,
10,データベース,C,radio,3,トランザクションの処理途中で障害が起きたとき、処理を取り消して開始前の状態に戻すことを何というか。,ロールバックは開始前の状態に戻すこと、コミットは確定すること、ロールフォワードはバックアップに更新後ログを反映して障害直前の状態まで進めることです。,コミット,ロールフォワード,ロールバック,正規化,,
